player_id,player_name,position,jersey_num,team_id,team_name,join_date
p40511,Denis Petric,Goalkeeper,1,t2128,Angers,2016-01-02
p119744,Mathieu Michel,Goalkeeper,1,t2128,Angers,2016-08-18
p85577,Alexandre Letellier,Goalkeeper,30,t2128,Angers,2010-07-01
p174272,Anthony Mandrea,Goalkeeper,40,t2128,Angers,2016-07-01
p218123,Maxime Sivis,Defender,Unknown,t2128,Angers,2016-07-01
p180299,Gabriel Mutombo Kupa,Defender,Unknown,t2128,Angers,2014-02-27
p58309,Yoann Andreu,Defender,3,t2128,Angers,2015-07-01
p68545,Mateo Pavlovic,Defender,4,t2128,Angers,2016-07-01
p42416,Ismael Traoré,Defender,8,t2128,Angers,2015-07-01
p93622,Pablo Martinez,Defender,21,t2128,Angers,2016-07-01
p45505,Romain Thomas,Defender,24,t2128,Angers,2013-07-01
p57266,Abdoulaye Bamba,Defender,25,t2128,Angers,2017-01-01
p213575,Mehdi Tahrat,Defender,26,t2128,Angers,2016-08-31
p96195,Issa Cissokho,Defender,28,t2128,Angers,2017-01-31
p54518,Vincent Manceau,Defender,29,t2128,Angers,2008-08-01
p212600,Mathias Serin,Midfielder,Unknown,t2128,Angers,2015-07-01
p18574,Thomas Mangani,Midfielder,5,t2128,Angers,2015-02-02
p15304,Grégory Bourillon,Midfielder,6,t2128,Angers,2016-01-25
p220994,Aissa Laidouni,Midfielder,13,t2128,Angers,2015-07-01
p112580,Pierrick Capelle,Midfielder,15,t2128,Angers,2015-07-01
p168109,Cheikh N'Doye,Midfielder,17,t2128,Angers,2015-07-01
p168985,Baptiste Santamaría,Midfielder,18,t2128,Angers,2016-07-01
p154011,Flavien Tait,Midfielder,20,t2128,Angers,2016-07-01
p195883,Jonathan Bamba,Midfielder,22,t2128,Angers,2017-01-04
p44485,Jamel Saihi,Midfielder,23,t2128,Angers,2016-08-31
p52002,Goran Karanoviç,Forward,Unknown,t2128,Angers,2015-08-02
p80485,Kévin Berigaud,Forward,2,t2128,Angers,2017-01-03
p193454,Karl Toko Ekambi,Forward,7,t2128,Angers,2016-07-01
p149535,Famara Diedhiou,Forward,9,t2128,Angers,2016-07-01
p66589,Gilles Sunu,Forward,10,t2128,Angers,2015-07-01
p66757,Dickson Nwakaeme,Forward,11,t2128,Angers,2016-07-01
p216646,Yoane Wissa,Forward,12,t2128,Angers,2016-07-01
p81118,Férébory Doré,Forward,12,t2128,Angers,2015-08-03
p79870,Billy Ketkeophomphone,Forward,14,t2128,Angers,2015-07-01
p195735,Nicolas Pepe,Forward,19,t2128,Angers,2014-07-01
p83542,Thomas Vincensini,Goalkeeper,1,t139,Bastia,2009-07-01
p44136,Jean-Louis Leca,Goalkeeper,16,t139,Bastia,2013-07-19
p110143,Paul Charruau,Goalkeeper,30,t139,Bastia,2016-07-29
p16718,Alexis Thébaux,Goalkeeper,30,t139,Bastia,2017-01-31
p218507,Fodé Camara,Defender,Unknown,t139,Bastia,2016-09-30
p173242,Ismael Chester Diallo,Defender,Unknown,t139,Bastia,2015-07-01
p106884,Nicolas Saint-Ruf,Defender,3,t139,Bastia,2017-01-24
p50301,Abdelhamid El Kaoutari,Defender,4,t139,Bastia,2016-08-10
p13439,Sébastien Squillaci,Defender,5,t139,Bastia,2013-07-16
p82725,Lindsay Rose,Defender,17,t139,Bastia,2017-01-11
p48469,Pierre Bengtsson,Defender,20,t139,Bastia,2016-08-29
p143685,Alexander Djiku,Defender,23,t139,Bastia,2012-07-01
p37755,Florian Marange,Defender,28,t139,Bastia,2014-08-01
p44140,Gilles Cioni,Defender,29,t139,Bastia,2010-08-23
p243741,Hugo Magnetti,Midfielder,Unknown,t139,Bastia,2016-11-18
p250588,Sami Ben Amar,Midfielder,Unknown,t139,Bastia,2017-03-10
p81028,Sadio Diallo,Midfielder,2,t139,Bastia,2015-07-01
p85351,Jerson Cabral,Midfielder,7,t139,Bastia,2016-07-12
p6751,Gaël Danic,Midfielder,8,t139,Bastia,2015-01-31
p170137,Allan Saint-Maximin,Midfielder,10,t139,Bastia,2016-07-29
p176983,Lyes Houri,Midfielder,10,t139,Bastia,2015-02-02
p105718,Lenny Nangis,Midfielder,11,t139,Bastia,2016-07-29
p146668,Abdoulaye Keita,Midfielder,12,t139,Bastia,2012-07-01
p51498,Mehdi Mostefa,Midfielder,14,t139,Bastia,2015-08-27
p40808,Prince Oniangué,Midfielder,15,t139,Bastia,2017-01-16
p44138,Yannick Cahuzac,Midfielder,18,t139,Bastia,2005-07-01
p121596,Axel Ngando,Midfielder,19,t139,Bastia,2015-08-31
p114531,Farid Boulaya,Midfielder,22,t139,Bastia,2016-08-31
p215047,Lassana Coulibaly,Midfielder,25,t139,Bastia,2015-07-01
p232170,Geoffrey Acheampong,Forward,Unknown,t139,Bastia,2016-07-01
p102765,Florian Raspentino,Forward,9,t139,Bastia,2015-08-31
p178492,Enzo Crivelli,Forward,27,t139,Bastia,2016-08-03
p200889,Julien Romain,Forward,27,t139,Bastia,2014-07-01
p200848,Paul Bernardoni,Goalkeeper,Unknown,t140,Bordeaux,2016-07-01
p6244,Cédric Carrasso,Goalkeeper,16,t140,Bordeaux,2009-07-01
p181439,Jerome Prior,Goalkeeper,30,t140,Bordeaux,2013-07-01
p433830,Over Mandanda,Goalkeeper,40,t140,Bordeaux,2016-07-01
p174892,Milan Gajic,Defender,2,t140,Bordeaux,2015-07-25
p59340,Diego Contento,Defender,3,t140,Bordeaux,2014-08-11
p210228,Vukasin Jovanovic,Defender,4,t140,Bordeaux,2017-01-31
p220325,Jules Koundé,Defender,4,t140,Bordeaux,2015-12-09
p82313,Nicolas Pallois,Defender,5,t140,Bordeaux,2014-06-30
p71797,Igor Lewczuk,Defender,6,t140,Bordeaux,2016-08-31
p12488,Jérémy Toulalan,Defender,14,t140,Bordeaux,2016-07-01
p164474,Youssouf Sabaly,Defender,20,t140,Bordeaux,2016-08-03
p199375,Cédric Yambéré,Defender,21,t140,Bordeaux,2014-10-25
p176443,Théo Pellenard,Defender,21,t140,Bordeaux,2013-12-12
p116504,Pablo,Defender,25,t140,Bordeaux,2015-08-31
p203368,Frederic Guilbert,Defender,26,t140,Bordeaux,2015-01-23
p424120,Olivier Verdon,Defender,26,t140,Bordeaux,2017-04-27
p121524,Maxime Poundjé,Defender,29,t140,Bordeaux,2012-07-01
p203151,Kevin Soni,Midfielder,Unknown,t140,Bordeaux,2015-01-20
p171222,Mauro Arambarri,Midfielder,8,t140,Bordeaux,2016-01-31
p172870,Younes Kaabouni,Midfielder,12,t140,Bordeaux,2013-10-06
p48768,Younousse Sankharé,Midfielder,13,t140,Bordeaux,2017-01-31
p49878,Abdou Traoré,Midfielder,15,t140,Bordeaux,2007-10-01
p218005,Adam Ounas,Midfielder,17,t140,Bordeaux,2015-07-01
p12057,Jaroslav Plasil,Midfielder,18,t140,Bordeaux,2009-07-09
p195982,Valentín Vada,Midfielder,23,t140,Bordeaux,2014-07-01
p213247,Daniel Mancini,Midfielder,28,t140,Bordeaux,2017-01-06
p244182,Zaydou Youssouf,Midfielder,28,t140,Bordeaux,2016-07-01
p148011,Diego Rolan,Forward,Unknown,t140,Bordeaux,2013-01-31
p242768,Jorris Romil,Forward,Unknown,t140,Bordeaux,2016-07-01
p181092,Malcom,Forward,7,t140,Bordeaux,2016-01-31
p19500,Jérémy Ménez,Forward,7,t140,Bordeaux,2016-07-31
p176441,Thomas Touré,Forward,10,t140,Bordeaux,2013-12-12
p193512,François Kamano,Forward,11,t140,Bordeaux,2016-07-27
p18575,Nicolas Maurice-Belay,Forward,19,t140,Bordeaux,2011-06-24
p167443,Gaetan Laborde,Forward,24,t140,Bordeaux,2014-07-01
p178492,Enzo Crivelli,Forward,27,t140,Bordeaux,2014-01-01
p9997,Rémy Vercoutre,Goalkeeper,1,t1028,Caen,2014-06-16
p218071,Louis Deschateaux,Goalkeeper,16,t1028,Caen,2015-07-01
p45032,Matthieu Dreyer,Goalkeeper,40,t1028,Caen,2016-08-08
p120770,Paul Reulet,Goalkeeper,40,t1028,Caen,2012-07-01
p205823,Florian Le Joncour,Defender,3,t1028,Caen,2015-07-01
p12845,Alaeddine Yahia,Defender,5,t1028,Caen,2014-10-01
p83724,Syam Ben Youssef,Defender,13,t1028,Caen,2015-07-01
p50326,Emmanuel Imorou,Defender,15,t1028,Caen,2014-06-30
p119691,Jordan Adeoti,Defender,18,t1028,Caen,2014-06-30
p37995,Mouhamadou Dabo,Defender,23,t1028,Caen,2016-07-01
p203368,Frederic Guilbert,Defender,24,t1028,Caen,2016-10-25
p44287,Damien Da Silva,Defender,28,t1028,Caen,2014-06-30
p44357,Romain Genevois,Defender,29,t1028,Caen,2016-07-08
p94181,Chaker Alhadhur,Defender,32,t1028,Caen,2015-07-01
p7103,Nicolas Seube,Midfielder,2,t1028,Caen,2001-07-01
p97443,Ismael Diomande,Midfielder,4,t1028,Caen,2016-07-01
p86281,Jonathan Delaplace,Midfielder,6,t1028,Caen,2015-07-03
p6596,Steed Malbranque,Midfielder,10,t1028,Caen,2016-07-01
p42761,Vincent Bessat,Midfielder,11,t1028,Caen,2015-07-01
p199666,Jean-Victor Makengo,Midfielder,17,t1028,Caen,2015-07-01
p119628,Jordan N'Kololo,Midfielder,17,t1028,Caen,2015-07-01
p227763,Durel Avounou,Midfielder,18,t1028,Caen,2016-07-01
p213335,Jordan Leborgne,Midfielder,19,t1028,Caen,2015-07-14
p45082,Julien Féret,Midfielder,25,t1028,Caen,2014-06-16
p215789,Valentin Voisin,Midfielder,33,t1028,Caen,2015-07-01
p89179,Jeff Louis,Midfielder,34,t1028,Caen,2015-07-21
p420962,Jordan Tell,Forward,Unknown,t1028,Caen,2017-04-01
p248687,Exauce Ngassaki,Forward,Unknown,t1028,Caen,2017-02-20
p184095,Yann Karamoh,Forward,7,t1028,Caen,2015-12-07
p50996,Ronny Rodelin,Forward,10,t1028,Caen,2016-07-26
p119768,Christian Kouakou,Forward,13,t1028,Caen,2016-02-01
p58616,Herve Bazile,Forward,20,t1028,Caen,2014-06-30
p60319,Ivan Santini,Forward,26,t1028,Caen,2016-08-04
p154481,Pape Sane,Forward,35,t1028,Caen,2016-01-31
p75987,Benjamin Leroy,Goalkeeper,1,t2130,Dijon,2016-07-01
p151065,Enzo Basilio,Goalkeeper,16,t2130,Dijon,2012-07-01
p110369,Bobby Allain,Goalkeeper,16,t2130,Dijon,2016-08-14
p93619,Baptiste Reynet,Goalkeeper,30,t2130,Dijon,2015-07-01
p121111,Ádám Lang,Defender,2,t2130,Dijon,2016-08-31
p44082,Arnold Bouka Moutou,Defender,3,t2130,Dijon,2016-07-01
p44312,Jordan Loties,Defender,4,t2130,Dijon,2016-01-30
p241398,Oussama Haddadi,Defender,5,t2130,Dijon,2017-01-30
p228170,Valentin Rosier,Defender,19,t2130,Dijon,2016-07-01
p106263,Yunis Abdelhamid,Defender,21,t2130,Dijon,2016-07-01
p100955,Vincent Rüfli,Defender,23,t2130,Dijon,2016-08-04
p119679,Fouad Chafik,Defender,26,t2130,Dijon,2016-07-01
p13939,Cedric Varrault,Defender,27,t2130,Dijon,2011-07-01
p193425,Jessy Benet,Midfielder,Unknown,t2130,Dijon,2014-07-31
p216702,Erwan Maury,Midfielder,Unknown,t2130,Dijon,2015-07-01
p120811,Anthony Belmonte,Midfielder,3,t2130,Dijon,2015-07-01
p228169,Guillaume Sarrabayrouse,Midfielder,6,t2130,Dijon,2016-07-01
p54413,Frederic Sammaritano,Midfielder,7,t2130,Dijon,2015-07-01
p98746,Mehdi Abeid,Midfielder,8,t2130,Dijon,2016-08-31
p212325,Pierre Lees-Melou,Midfielder,8,t2130,Dijon,2015-07-01
p135290,Jeremie Bela,Midfielder,10,t2130,Dijon,2014-01-23
p51634,Marvin Martin,Midfielder,13,t2130,Dijon,2016-07-14
p153014,Jordan Marié,Midfielder,14,t2130,Dijon,2013-01-01
p8747,Florent Balmont,Midfielder,15,t2130,Dijon,2016-07-08
p86158,Romain Amalfitano,Midfielder,20,t2130,Dijon,2014-07-01
p154770,Kwon Chang-Hoon,Midfielder,22,t2130,Dijon,2017-01-18
p192278,Dylan Bahamboula,Midfielder,24,t2130,Dijon,2016-07-05
p111911,Charly Dutournier,Forward,Unknown,t2130,Dijon,2015-07-01
p208747,Mamadou Thiam,Forward,Unknown,t2130,Dijon,2014-07-01
p44406,Yohann Riviere,Forward,7,t2130,Dijon,2014-09-01
p147577,Lois Diony,Forward,9,t2130,Dijon,2014-01-30
p111265,Júlio Tavares,Forward,11,t2130,Dijon,2012-07-30
p44429,Johny Placide,Goalkeeper,Unknown,t428,Guingamp,2017-02-16
p61741,Karl-Johan Johnsson,Goalkeeper,1,t428,Guingamp,2016-07-01
p212887,Theo Guivarch,Goalkeeper,16,t428,Guingamp,2015-07-01
p37836,Romain Salin,Goalkeeper,30,t428,Guingamp,2016-07-12
p129478,Jordan Ikoko,Defender,2,t428,Guingamp,2016-07-01
p111291,Marçal,Defender,3,t428,Guingamp,2016-08-18
p67100,Benjamin Angoua,Defender,4,t428,Guingamp,2014-07-01
p102744,Baissama Sankoh,Defender,6,t428,Guingamp,2011-07-27
p78319,Dorian Lévêque,Defender,7,t428,Guingamp,2010-07-01
p42714,Jérémy Sorbon,Defender,15,t428,Guingamp,2013-07-01
p28140,Jonathan Martins Pereira,Defender,22,t428,Guingamp,2015-12-16
p42722,Reynald Lemaître,Defender,25,t428,Guingamp,2013-01-03
p102739,Christophe Kerbrat,Defender,29,t428,Guingamp,2011-07-27
p249455,Yvan Inzoudine,Midfielder,Unknown,t428,Guingamp,2017-01-01
p423870,Matteo Ahlinvi,Midfielder,Unknown,t428,Guingamp,2017-05-18
p206873,Jonathan Correia,Midfielder,Unknown,t428,Guingamp,2016-07-17
p39905,Moustapha Diallo,Midfielder,5,t428,Guingamp,2009-06-16
p213940,Ludovic Blas,Midfielder,7,t428,Guingamp,2015-07-01
p45084,Lucas Deaux,Midfielder,8,t428,Guingamp,2016-07-01
p89038,Nicolas Benezet,Midfielder,10,t428,Guingamp,2015-07-03
p55343,Yannis Salibur,Midfielder,19,t428,Guingamp,2014-01-04
p12179,Étienne Didot,Midfielder,22,t428,Guingamp,2016-07-01
p201562,Marcus Coco,Midfielder,24,t428,Guingamp,2014-12-16
p44100,Thibault Giresse,Midfielder,26,t428,Guingamp,2009-07-01
p26896,Mathieu Bodmer,Midfielder,27,t428,Guingamp,2017-01-23
p220001,Jeremy Livolant,Midfielder,31,t428,Guingamp,2015-07-01
p189542,Alexandre Mendy,Forward,9,t428,Guingamp,2016-07-01
p49367,Sloan Privat,Forward,11,t428,Guingamp,2016-07-01
p54533,Nill de Pauw,Forward,12,t428,Guingamp,2015-06-18
p223169,Sullivan Martinet,Forward,14,t428,Guingamp,2015-07-01
p172918,Karim Achahbar,Forward,14,t428,Guingamp,2014-01-01
p27675,Jimmy Briand,Forward,23,t428,Guingamp,2015-08-03
p13262,Vincent Enyeama,Goalkeeper,Unknown,t429,Lille,2011-07-01
p129487,Mike Maignan,Goalkeeper,16,t429,Lille,2015-08-18
p201559,Jean Butez,Goalkeeper,30,t429,Lille,2014-12-16
p244753,Valentin Vanbaleghem,Defender,Unknown,t429,Lille,2016-12-13
p209171,Carlens Arcus,Defender,Unknown,t429,Lille,2016-07-01
p37439,Marko Basa,Defender,Unknown,t429,Lille,2011-06-23
p39804,Julian Palmieri,Defender,Unknown,t429,Lille,2016-07-02
p60121,Sébastien Corchia,Defender,2,t429,Lille,2014-07-01
p180124,Youssouf Kone,Defender,3,t429,Lille,2014-02-02
p168097,Júnior Alonso,Defender,3,t429,Lille,2017-01-26
p226597,Gabriel,Defender,4,t429,Lille,2017-01-31
p103155,Adama Soumaoro,Defender,5,t429,Lille,2011-08-02
p80342,Stoppila Sunzu,Defender,13,t429,Lille,2016-07-08
p12656,Franck Beria,Defender,18,t429,Lille,2007-05-26
p232174,Hamza Mendyl,Defender,27,t429,Lille,2016-07-01
p161039,Fares Bahlouli,Midfielder,Unknown,t429,Lille,2017-01-31
p213942,Alexis Araujo,Midfielder,Unknown,t429,Lille,2015-07-01
p51634,Marvin Martin,Midfielder,Unknown,t429,Lille,2012-06-21
p83913,Éric Bautheac,Midfielder,Unknown,t429,Lille,2015-06-25
p128348,Ibrahim Amadou,Midfielder,6,t429,Lille,2015-07-15
p242600,Xeka,Midfielder,8,t429,Lille,2017-01-31
p178003,Ricardo Kishna,Midfielder,10,t429,Lille,2017-01-31
p109653,Rony Lopes,Midfielder,17,t429,Lille,2016-01-07
p245634,Valere Pollet,Midfielder,17,t429,Lille,2017-01-01
p103119,Soualiho Meité,Midfielder,17,t429,Lille,2013-01-28
p227127,Yves Bissouma,Midfielder,21,t429,Lille,2016-07-07
p18787,Rio Mavuba,Midfielder,24,t429,Lille,2008-01-22
p98788,Naim Sliti,Midfielder,27,t429,Lille,2016-08-31
p232175,Rominigue Kouame,Midfielder,29,t429,Lille,2016-07-01
p52635,Éder,Forward,Unknown,t429,Lille,2016-07-01
p114534,Junior Tallo,Forward,Unknown,t429,Lille,2015-07-15
p105718,Lenny Nangis,Forward,Unknown,t429,Lille,2015-08-31
p157728,Baptiste Guillaume,Forward,Unknown,t429,Lille,2015-07-18
p193488,Anwar El Ghazi,Forward,7,t429,Lille,2017-01-31
p116628,Yassine Benzia,Forward,10,t429,Lille,2015-08-31
p73879,Nicolas de Preville,Forward,12,t429,Lille,2016-08-11
p230337,Lebo Mothiba,Forward,18,t429,Lille,2016-07-13
p232176,Martin Terrier,Forward,28,t429,Lille,2016-07-01
p220059,Anthony Lamonge,Goalkeeper,Unknown,t694,Lorient,2015-07-01
p54409,Paul Delecroix,Goalkeeper,16,t694,Lorient,2016-07-01
p86873,Benjamin Lecomte,Goalkeeper,40,t694,Lorient,2010-08-05
p168117,Yoann Wachter,Defender,Unknown,t694,Lorient,2013-07-01
p198188,Erwin Koffi,Defender,2,t694,Lorient,2015-07-01
p227217,Bradley Mazikou,Defender,3,t694,Lorient,2015-07-01
p54408,Zargo Toure,Defender,5,t694,Lorient,2015-08-31
p202967,Faiz Selemani,Defender,11,t694,Lorient,2016-07-01
p37740,Michael Ciani,Defender,13,t694,Lorient,2016-09-08
p82725,Lindsay Rose,Defender,14,t694,Lorient,2016-07-01
p141017,Steven Moreira,Defender,20,t694,Lorient,2016-08-30
p57129,Mathieu Peybernes,Defender,23,t694,Lorient,2017-01-11
p85565,Wesley Lautoa,Defender,24,t694,Lorient,2012-02-01
p67278,Vincent Le Goff,Defender,25,t694,Lorient,2014-07-17
p57734,Pape Paye,Defender,29,t694,Lorient,2015-07-01
p227300,Ibrahima Sory Conté,Defender,32,t694,Lorient,2016-07-01
p242166,Matteo Guendouzi,Midfielder,4,t694,Lorient,2016-10-01
p51524,Francois Bellugou,Midfielder,6,t694,Lorient,2014-08-31
p27674,Arnold Mvuemba,Midfielder,7,t694,Lorient,2016-09-06
p166325,Cafú,Midfielder,8,t694,Lorient,2016-07-01
p218357,Alexis Claude Maurice,Midfielder,10,t694,Lorient,2016-09-01
p202459,Marvin Gakpa,Midfielder,11,t694,Lorient,2015-01-10
p227326,Mohamed Mara,Midfielder,11,t694,Lorient,2016-07-01
p67346,Walid Mesloub,Midfielder,17,t694,Lorient,2014-07-01
p150172,Romain Philippoteaux,Midfielder,19,t694,Lorient,2015-02-01
p87215,Alhassan Wakaso,Midfielder,23,t694,Lorient,2017-01-10
p227218,Issam Ben Khemis,Midfielder,26,t694,Lorient,2015-07-01
p216227,Denis Bouanga,Midfielder,26,t694,Lorient,2015-07-01
p151912,Jimmy Cabot,Midfielder,27,t694,Lorient,2016-01-30
p62226,Maxime Barthelme,Midfielder,28,t694,Lorient,2011-08-02
p37939,Sylvain Marveaux,Midfielder,31,t694,Lorient,2016-07-15
p82184,Majeed Waris,Forward,9,t694,Lorient,2015-08-06
p73678,Benjamin Moukandjo,Forward,12,t694,Lorient,2015-08-06
p11839,Jérémie Aliadière,Forward,14,t694,Lorient,2016-09-19
p73667,Benjamin Jeannot,Forward,22,t694,Lorient,2014-07-01
p193408,Valentin Lavigne,Forward,28,t694,Lorient,2014-07-01
p242167,Pierre-Yves Hamel,Forward,29,t694,Lorient,2016-06-01
p59957,Anthony Lopes,Goalkeeper,1,t143,Lyon,2008-07-01
p213402,Lucas Mocio,Goalkeeper,16,t143,Lyon,2015-07-01
p59956,Mathieu Gorgelin,Goalkeeper,30,t143,Lyon,2008-07-01
p44488,Mapou Yanga-Mbiwa,Defender,2,t143,Lyon,2015-08-15
p52775,Nicolas Nkoulou,Defender,3,t143,Lyon,2016-07-01
p54772,Rafael,Defender,4,t143,Lyon,2015-08-03
p208135,Mouctar Diakhaby,Defender,5,t143,Lyon,2016-07-01
p38265,Christophe Jallet,Defender,13,t143,Lyon,2014-07-23
p37832,Jérémy Morel,Defender,15,t143,Lyon,2015-07-01
p234458,Jordy Gaspar,Defender,23,t143,Lyon,2016-07-01
p173211,Emanuel Mammana,Defender,24,t143,Lyon,2016-07-06
p202888,Dylan Mboumbouni,Midfielder,Unknown,t143,Lyon,2014-01-17
p165572,Olivier Kemen,Midfielder,Unknown,t143,Lyon,2015-08-31
p55305,Clément Grenier,Midfielder,7,t143,Lyon,2008-07-01
p231961,Houssem Aouar,Midfielder,8,t143,Lyon,2016-07-01
p168568,Corentin Tolisso,Midfielder,8,t143,Lyon,2013-08-01
p115858,Rachid Ghezzal,Midfielder,11,t143,Lyon,2011-07-01
p107641,Jordan Ferri,Midfielder,12,t143,Lyon,2011-07-01
p169007,Sergi Darder,Midfielder,14,t143,Lyon,2015-08-29
p59963,Maxime Gonalons,Midfielder,21,t143,Lyon,2008-07-01
p37852,Mathieu Valbuena,Midfielder,28,t143,Lyon,2015-08-11
p203349,Lucas Tousart,Midfielder,29,t143,Lyon,2015-08-31
p71389,Maciej Rybus,Midfielder,31,t143,Lyon,2016-07-01
p219873,Romain Del Castillo,Midfielder,39,t143,Lyon,2015-07-01
p59966,Alexandre Lacazette,Forward,10,t143,Lyon,2008-07-01
p106824,Memphis Depay,Forward,11,t143,Lyon,2017-01-20
p208556,Myziane Maolida,Forward,17,t143,Lyon,2017-04-15
p166552,Nabil Fekir,Forward,18,t143,Lyon,2013-07-01
p231747,Jean-Philippe Mateta,Forward,19,t143,Lyon,2016-09-16
p220560,Gaetan Perrin,Forward,22,t143,Lyon,2015-12-01
p213401,Aldo Kalulu,Forward,26,t143,Lyon,2015-07-01
p149519,Maxwel Cornet,Forward,27,t143,Lyon,2015-01-01
p240084,Alan Dzabana,Forward,46,t143,Lyon,2016-09-10
p107254,Julien Fabri,Goalkeeper,Unknown,t144,Marseille,2012-07-01
p102836,Brice Samba,Goalkeeper,1,t144,Marseille,2013-01-04
p37769,Yohann Pelé,Goalkeeper,16,t144,Marseille,2015-07-01
p208134,Florian Escales,Goalkeeper,40,t144,Marseille,2016-01-01
p216289,Brice Nlate,Defender,Unknown,t144,Marseille,2015-07-01
p107259,Baptiste Aloe,Defender,Unknown,t144,Marseille,2011-07-01
p194142,Stephane Sparagna,Defender,Unknown,t144,Marseille,2014-07-01
p132227,Gaël Andonian,Defender,Unknown,t144,Marseille,2012-07-01
p109404,Hiroki Sakai,Defender,2,t144,Marseille,2016-07-01
p116736,Doria,Defender,3,t144,Marseille,2014-09-01
p103040,Karim Rekik,Defender,4,t144,Marseille,2015-07-02
p39294,Rolando,Defender,6,t144,Marseille,2015-08-31
p44324,Henri Bedimo,Defender,12,t144,Marseille,2016-07-01
p102760,Bouna Sarr,Defender,17,t144,Marseille,2015-07-06
p14075,Patrice Evra,Defender,21,t144,Marseille,2017-01-25
p13356,Rod Fanni,Defender,24,t144,Marseille,2016-08-31
p49181,Tomas Hubocan,Defender,25,t144,Marseille,2016-07-08
p202416,Alphousseyni Sane,Defender,34,t144,Marseille,2015-01-01
p226944,Boubacar Kamara,Midfielder,4,t144,Marseille,2016-12-12
p121117,Lucas Ocampos,Midfielder,5,t144,Marseille,2015-07-02
p28566,Abou Diaby,Midfielder,5,t144,Marseille,2015-07-29
p66957,Rémy Cabella,Midfielder,7,t144,Marseille,2016-06-05
p122775,Morgan Sanson,Midfielder,8,t144,Marseille,2017-01-17
p37901,Dimitri Payet,Midfielder,10,t144,Marseille,2017-01-29
p40815,William Vainqueur,Midfielder,19,t144,Marseille,2016-08-31
p56995,Grégory Sertic,Midfielder,22,t144,Marseille,2017-01-31
p210415,Zinedine Machach,Midfielder,23,t144,Marseille,2016-07-27
p169427,Saif-Eddine Khaoui,Midfielder,24,t144,Marseille,2016-07-01
p175077,Bill Poni Tuiloma,Midfielder,25,t144,Marseille,2013-12-15
p95434,Florian Thauvin,Midfielder,26,t144,Marseille,2016-08-04
p213965,Maxime Lopez,Midfielder,27,t144,Marseille,2010-07-01
p203325,André-Frank Zambo Anguissa,Midfielder,29,t144,Marseille,2015-07-31
p145212,Clinton N'Jie,Forward,14,t144,Marseille,2016-08-31
p37998,Bafétimbi Gomis,Forward,18,t144,Marseille,2016-07-29
p185727,Aaron Leya Iseka,Forward,22,t144,Marseille,2016-07-23
p221456,Antoine Rabillard,Forward,28,t144,Marseille,2016-01-01
p194300,Jérémie Porsan-Clemente,Forward,32,t144,Marseille,2014-07-01
p165457,Thomas Didillon,Goalkeeper,1,t145,Metz,2013-07-01
p19739,Eiji Kawashima,Goalkeeper,16,t145,Metz,2016-08-01
p83280,David Oberhauser,Goalkeeper,30,t145,Metz,2014-07-07
p242205,Lemouya Goudiaby,Defender,Unknown,t145,Metz,2016-10-15
p423869,Theodore Efouba Ayissi,Defender,Unknown,t145,Metz,2017-05-18
p219145,Oumar Gonzalez,Defender,Unknown,t145,Metz,2016-07-01
p193518,Mederic Deher,Defender,Unknown,t145,Metz,2014-08-01
p221987,Matthieu Udol,Defender,3,t145,Metz,2015-07-01
p61678,Fallou Diagne,Defender,3,t145,Metz,2017-01-10
p133633,Guido Milán,Defender,5,t145,Metz,2012-09-01
p39490,Milan Bisevac,Defender,6,t145,Metz,2016-08-25
p108988,Simon Falette,Defender,6,t145,Metz,2016-07-01
p12400,Franck Signorino,Defender,13,t145,Metz,2016-07-01
p232181,Vahid Selimovic,Defender,15,t145,Metz,2016-07-01
p233469,Nicolas Basin,Defender,22,t145,Metz,2016-07-01
p116692,Chris Philipps,Defender,23,t145,Metz,2012-05-01
p97624,Iván Balliu,Defender,25,t145,Metz,2015-07-17
p80800,Jonathan Rivierez,Defender,28,t145,Metz,2014-07-01
p28146,Benoit Assou-Ekotto,Defender,32,t145,Metz,2016-08-16
p167454,Hamza Sakhi,Midfielder,Unknown,t145,Metz,2015-08-20
p421128,Boris Mathis,Midfielder,Unknown,t145,Metz,2017-04-01
p158771,Janis Ikaunieks,Midfielder,Unknown,t145,Metz,2015-01-01
p214255,Lucas Toussaint,Midfielder,Unknown,t145,Metz,2013-07-01
p244490,Youssef Maziz,Midfielder,Unknown,t145,Metz,2016-07-01
p44379,Yann Jouffre,Midfielder,8,t145,Metz,2016-07-01
p232182,Gauthier Hein,Midfielder,8,t145,Metz,2016-07-01
p78323,Cheick Doukouré,Midfielder,10,t145,Metz,2014-07-01
p124148,Opa Nguette,Midfielder,11,t145,Metz,2016-07-01
p43455,Georges Mandjeck,Midfielder,14,t145,Metz,2015-08-31
p225190,Vincent Thill,Midfielder,18,t145,Metz,2016-07-01
p116627,Florent Mollet,Midfielder,19,t145,Metz,2016-07-01
p232184,Alexis Larriere,Midfielder,20,t145,Metz,2016-07-01
p37743,Kévin Lejeune,Midfielder,22,t145,Metz,2012-08-12
p37765,Renaud Cohade,Midfielder,24,t145,Metz,2016-07-07
p232185,Ismaila Sarr,Midfielder,26,t145,Metz,2016-07-13
p19510,Mevlüt Erdinc,Forward,9,t145,Metz,2016-07-01
p111315,Thibaut Vion,Forward,15,t145,Metz,2014-01-30
p33103,Cheick Diabaté,Forward,18,t145,Metz,2017-01-04
p214254,Habib Diallo,Forward,20,t145,Metz,2015-07-01
p60582,Danijel Subasic,Goalkeeper,1,t146,Monaco,2012-01-24
p7446,Morgan De Sanctis,Goalkeeper,16,t146,Monaco,2016-07-14
p192291,Seydou Sy,Goalkeeper,30,t146,Monaco,2014-07-01
p218389,Loic Badiashile,Goalkeeper,40,t146,Monaco,2016-07-01
p209853,Dinis Almeida,Defender,Unknown,t146,Monaco,2016-07-01
p422230,Kouadio Dabila,Defender,Unknown,t146,Monaco,2016-07-01
p49272,Elderson Echiéjilé,Defender,Unknown,t146,Monaco,2014-01-17
p240132,Safwan Mbae,Defender,Unknown,t146,Monaco,2016-07-01
p210133,Raphael Diarra,Defender,Unknown,t146,Monaco,2015-10-01
p162654,Jemerson,Defender,5,t146,Monaco,2016-01-31
p218796,Kevin N'Doram,Defender,6,t146,Monaco,2015-10-22
p181978,Jorge,Defender,6,t146,Monaco,2017-01-31
p102747,Djibril Sidibe,Defender,19,t146,Monaco,2016-07-01
p102826,Benjamin Mendy,Defender,23,t146,Monaco,2016-07-01
p232191,Pierre-Daniel N'Guinda N'Diffon,Defender,23,t146,Monaco,2016-07-01
p15930,Andrea Raggi,Defender,24,t146,Monaco,2012-07-01
p71403,Kamil Glik,Defender,25,t146,Monaco,2016-07-05
p178478,Abdou Diallo,Defender,34,t146,Monaco,2014-07-19
p216925,Mehdi Beneddine,Defender,36,t146,Monaco,2016-07-01
p192292,Almamy Touré,Defender,38,t146,Monaco,2014-07-01
p219422,Yhoan Andzouana,Midfielder,Unknown,t146,Monaco,2015-07-01
p240136,Tristan Muyumba Nkita,Midfielder,Unknown,t146,Monaco,2016-07-01
p216054,Rúben Vinagre,Midfielder,Unknown,t146,Monaco,2016-07-01
p247116,Dylan Beaulieu,Midfielder,Unknown,t146,Monaco,2016-07-01
p222438,Corentin Tirard,Midfielder,Unknown,t146,Monaco,2015-07-01
p116643,Fabinho,Midfielder,2,t146,Monaco,2013-07-19
p54930,Nabil Dirar,Midfielder,7,t146,Monaco,2012-01-31
p170137,Allan Saint-Maximin,Midfielder,7,t146,Monaco,2015-07-30
p109653,Rony Lopes,Midfielder,7,t146,Monaco,2015-08-28
p19624,João Moutinho,Midfielder,8,t146,Monaco,2013-07-01
p165809,Bernardo Silva,Midfielder,10,t146,Monaco,2015-01-21
p198065,Adama Traoré,Midfielder,11,t146,Monaco,2015-07-10
p169102,Tiemoué Bakayoko,Midfielder,14,t146,Monaco,2014-07-25
p214472,Youssef Aït Bennasser,Midfielder,15,t146,Monaco,2016-07-01
p172987,Gabriel Boschilia,Midfielder,26,t146,Monaco,2015-08-10
p167449,Thomas Lemar,Midfielder,27,t146,Monaco,2015-07-01
p219230,Gil Dias,Midfielder,31,t146,Monaco,2015-07-01
p213967,Jonathan Mexique,Midfielder,44,t146,Monaco,2015-10-01
p221652,Mohamed Ilyes Chaibi,Forward,Unknown,t146,Monaco,2015-07-01
p240146,Adrien Bongiovanni,Forward,Unknown,t146,Monaco,2016-07-01
p56345,Lacina Traoré,Forward,Unknown,t146,Monaco,2014-01-04
p48847,Radamel Falcao,Forward,9,t146,Monaco,2013-07-01
p220160,Kylian Mbappé,Forward,10,t146,Monaco,2015-07-01
p98914,Guido Carrillo,Forward,11,t146,Monaco,2015-07-03
p97041,Valère Germain,Forward,18,t146,Monaco,2010-07-01
p126177,Corentin Jean,Forward,28,t146,Monaco,2015-07-02
p240145,Irvin Cardona,Forward,37,t146,Monaco,2016-07-01
p9999,Laurent Pionnier,Goalkeeper,1,t147,Montpellier,2002-08-01
p209218,Dimitry Bertaud,Goalkeeper,16,t147,Montpellier,2015-04-25
p44476,Geoffrey Jourdren,Goalkeeper,16,t147,Montpellier,2006-07-01
p86598,Jonathan Ligali,Goalkeeper,30,t147,Montpellier,2010-08-01
p185473,Mamadou N'Diaye,Defender,2,t147,Montpellier,2015-01-01
p38002,Daniel Congré,Defender,3,t147,Montpellier,2012-07-01
p28136,Hilton,Defender,4,t147,Montpellier,2011-08-02
p170443,Lukas Pokorny,Defender,12,t147,Montpellier,2017-01-23
p245750,Bryan Passi,Defender,15,t147,Montpellier,2016-07-01
p57263,William Remy,Defender,21,t147,Montpellier,2015-07-01
p200834,Nordi Mukiele,Defender,23,t147,Montpellier,2017-01-06
p93289,Jérôme Roussillon,Defender,24,t147,Montpellier,2015-02-01
p89518,Mathieu Deplagne,Defender,25,t147,Montpellier,2010-10-01
p235862,Morgan Poaty,Defender,26,t147,Montpellier,2016-09-09
p40682,Cédric Mongongu,Defender,27,t147,Montpellier,2016-10-08
p244181,Alexandre Llovet,Midfielder,Unknown,t147,Montpellier,2016-11-24
p90255,Yacouba Sylla,Midfielder,5,t147,Montpellier,2016-08-25
p37831,Joris Marveaux,Midfielder,6,t147,Montpellier,2008-07-01
p72177,Paul Lasne,Midfielder,7,t147,Montpellier,2014-07-01
p55264,Ryad Boudebouz,Midfielder,10,t147,Montpellier,2015-07-07
p204454,Isaac Mbenza,Midfielder,10,t147,Montpellier,2017-01-31
p199672,Jonathan Ikone,Midfielder,11,t147,Montpellier,2017-01-18
p195430,Ellyes Skhiri,Midfielder,13,t147,Montpellier,2014-07-01
p219107,Pierrick Fito,Midfielder,17,t147,Montpellier,2015-07-01
p228361,Keagan Dolly,Midfielder,20,t147,Montpellier,2017-01-27
p219079,Killian Sanson,Midfielder,22,t147,Montpellier,2016-07-01
p34392,Stéphane Sessegnon,Midfielder,28,t147,Montpellier,2016-09-26
p80485,Kévin Berigaud,Forward,11,t147,Montpellier,2014-07-01
p169141,Steve Mounie,Forward,15,t147,Montpellier,2013-08-01
p10955,Souleymane Camara,Forward,19,t147,Montpellier,2007-07-01
p216438,Casimir Ninga,Forward,29,t147,Montpellier,2015-07-01
p63600,Sergey Chernik,Goalkeeper,1,t148,Nancy,2016-07-01
p38816,Guy NDy Assembe,Goalkeeper,16,t148,Nancy,2011-08-02
p174598,Alexandre Menay,Goalkeeper,30,t148,Nancy,2013-08-31
p152337,Tobias Badila,Defender,3,t148,Nancy,2013-01-22
p170034,Modou Diagne,Defender,4,t148,Nancy,2013-08-30
p247120,Ryan Bidounga,Defender,5,t148,Nancy,2016-07-01
p80799,Joffrey Cuffaut,Defender,14,t148,Nancy,2013-07-01
p49169,Michael Basser Chretien,Defender,20,t148,Nancy,2015-07-24
p169586,Erick Cabaco,Defender,24,t148,Nancy,2016-08-27
p43024,Vincent Muratori,Defender,26,t148,Nancy,2012-07-30
p54911,Julien Cetout,Defender,28,t148,Nancy,2014-09-01
p8742,Alou Diarra,Midfielder,5,t148,Nancy,2016-09-01
p214472,Youssef Aït Bennasser,Midfielder,6,t148,Nancy,2016-07-02
p38008,Antony Robic,Midfielder,7,t148,Nancy,2015-07-01
p209874,Vincent Marchetti,Midfielder,8,t148,Nancy,2016-07-17
p422474,Amine Bassi,Midfielder,10,t148,Nancy,2016-07-01
p210460,Serge N'Guessan,Midfielder,13,t148,Nancy,2016-07-01
p214473,Faitout Maouassa,Midfielder,17,t148,Nancy,2015-07-01
p49275,Diallo Guidileye,Midfielder,18,t148,Nancy,2015-07-14
p93498,Loïc Puyo,Midfielder,19,t148,Nancy,2015-07-06
p9980,Benoit Pedretti,Midfielder,25,t148,Nancy,2015-08-01
p162315,Alexis Busin,Midfielder,27,t148,Nancy,2013-05-18
p51327,Junior Dalé,Forward,9,t148,Nancy,2014-07-01
p39379,Issiar Dia,Forward,10,t148,Nancy,2016-08-31
p154022,Karim Coulibaly,Forward,11,t148,Nancy,2012-07-01
p44314,Christophe Mandanne,Forward,12,t148,Nancy,2016-07-05
p205551,Yann Mabella,Forward,14,t148,Nancy,2015-02-25
p27670,Youssouf Hadji,Forward,15,t148,Nancy,2014-07-01
p97290,Anthony Koura,Forward,23,t148,Nancy,2016-07-05
p37838,Rémy Riou,Goalkeeper,1,t430,Nantes,2012-07-01
p97288,Maxime Dupé,Goalkeeper,1,t430,Nantes,2011-05-01
p216610,Alexandre Olliero,Goalkeeper,16,t430,Nantes,2015-07-01
p220110,Quentin Braat,Goalkeeper,40,t430,Nantes,2015-07-01
p135285,David Alcibiade,Defender,2,t430,Nantes,2012-10-01
p165659,Diego Carlos,Defender,3,t430,Nantes,2016-07-01
p33946,Oswaldo Vizcarrondo,Defender,4,t430,Nantes,2013-07-03
p102766,Koffi Djidji,Defender,5,t430,Nantes,2011-07-27
p116536,Lucas Lima,Defender,6,t430,Nantes,2016-07-01
p49381,Wilfried Moimbé,Defender,13,t430,Nantes,2015-07-01
p183779,Léo Dubois,Defender,15,t430,Nantes,2014-04-20
p215046,Enock Kwateng,Defender,25,t430,Nantes,2015-07-01
p200722,Anthony Walongwa,Defender,26,t430,Nantes,2014-07-01
p119735,Jules Iloki,Midfielder,7,t430,Nantes,2012-07-01
p115961,Adrien Thomasson,Midfielder,8,t430,Nantes,2015-07-01
p42518,Alexander Kacaniklic,Midfielder,11,t430,Nantes,2016-07-01
p229608,Amine Harit,Midfielder,14,t430,Nantes,2016-07-01
p247693,Randal Kolo Muani,Midfielder,15,t430,Nantes,2016-07-01
p158496,Abdoulaye Touré,Midfielder,19,t430,Nantes,2013-04-01
p78638,Sérgio Oliveira,Midfielder,23,t430,Nantes,2017-01-31
p218666,Alexis Alegue,Midfielder,24,t430,Nantes,2015-06-01
p42586,Guillaume Gillet,Midfielder,27,t430,Nantes,2016-01-01
p193539,Valentin Rongier,Midfielder,28,t430,Nantes,2014-08-01
p103124,Emiliano Sala,Forward,9,t430,Nantes,2015-07-20
p193409,Yacine Bammou,Forward,10,t430,Nantes,2014-07-01
p108143,Mariusz Stepinski,Forward,18,t430,Nantes,2016-08-18
p149695,Felipe Pardo,Forward,20,t430,Nantes,2017-01-11
p85416,Prejuce Nakoulma,Forward,22,t430,Nantes,2017-01-31
p83758,Kolbeinn Sigthorsson,Forward,31,t430,Nantes,2015-07-02
p115357,Mouez Hassen,Goalkeeper,1,t1395,Nice,2012-07-01
p27663,Simon Pouplin,Goalkeeper,16,t1395,Nice,2014-07-01
p115851,Yoan Cardinale,Goalkeeper,30,t1395,Nice,2013-07-01
p121709,Walter Benítez,Goalkeeper,40,t1395,Nice,2016-07-01
p78275,Arnaud Souquet,Defender,2,t1395,Nice,2016-07-25
p141109,Gautier Lloris,Defender,3,t1395,Nice,2012-08-01
p37758,Paul Baysse,Defender,4,t1395,Nice,2016-07-01
p232197,Patrick Burner,Defender,15,t1395,Nice,2016-07-01
p61739,Maxime Le Marchand,Defender,20,t1395,Nice,2015-07-01
p111931,Ricardo Pereira,Defender,21,t1395,Nice,2015-08-31
p244560,Romain Perraud,Defender,22,t1395,Nice,2016-12-07
p204727,Malang Sarr,Defender,23,t1395,Nice,2016-07-01
p204120,Olivier Boscagli,Defender,28,t1395,Nice,2014-07-01
p212752,Dalbert,Defender,29,t1395,Nice,2016-07-06
p26894,Dante,Defender,31,t1395,Nice,2016-08-22
p208560,Hicham Mahou,Midfielder,Unknown,t1395,Nice,2016-12-07
p37974,Mounir Obbadi,Midfielder,Unknown,t1395,Nice,2017-01-31
p66959,Younès Belhanda,Midfielder,5,t1395,Nice,2016-08-31
p153649,Remi Walter,Midfielder,6,t1395,Nice,2016-01-16
p170271,Jean Michael Seri,Midfielder,6,t1395,Nice,2015-07-01
p245496,Bassem Srarfi,Midfielder,11,t1395,Nice,2017-01-31
p133747,Albert Rafetraniaina,Midfielder,12,t1395,Nice,2012-09-01
p91070,Valentin Eysseric,Midfielder,13,t1395,Nice,2013-01-10
p115370,Bryan Constant,Midfielder,19,t1395,Nice,2012-07-01
p233498,Vincent Marcel,Midfielder,19,t1395,Nice,2016-07-01
p193417,Arnaud Lusamba,Midfielder,22,t1395,Nice,2016-07-19
p110903,Alexy Bosetti,Midfielder,23,t1395,Nice,2011-07-01
p151873,Wylan Cyprien,Midfielder,25,t1395,Nice,2016-07-27
p194141,Vincent Koziello,Midfielder,26,t1395,Nice,2014-07-01
p172841,Said Benrahma,Forward,Unknown,t1395,Nice,2013-10-01
p42493,Mario Balotelli,Forward,9,t1395,Nice,2016-08-31
p83279,Mickael Le Bihan,Forward,10,t1395,Nice,2015-08-31
p108168,Alassane Pléa,Forward,14,t1395,Nice,2014-08-28
p204184,Anastasios Donis,Forward,22,t1395,Nice,2016-06-20
p221626,Dorian Caddy,Forward,27,t1395,Nice,2015-07-01
p213199,Remy Descamps,Goalkeeper,Unknown,t149,Paris SG,2015-07-01
p84182,Alphonse Areola,Goalkeeper,16,t149,Paris SG,2010-07-01
p52482,Kevin Trapp,Goalkeeper,30,t149,Paris SG,2015-07-08
p21155,Salvatore Sirigu,Goalkeeper,30,t149,Paris SG,2011-07-28
p164474,Youssouf Sabaly,Defender,Unknown,t149,Paris SG,2013-07-01
p51090,Thiago Silva,Defender,2,t149,Paris SG,2012-07-13
p129479,Presnel Kimpembe,Defender,3,t149,Paris SG,2014-08-01
p116406,Marquinhos,Defender,5,t149,Paris SG,2013-07-19
p93605,Thomas Meunier,Defender,12,t149,Paris SG,2016-07-03
p9809,Maxwell,Defender,17,t149,Paris SG,2012-01-12
p80226,Serge Aurier,Defender,19,t149,Paris SG,2014-07-23
p89068,Layvin Kurzawa,Defender,20,t149,Paris SG,2015-08-27
p102660,Kevin Rimane,Defender,32,t149,Paris SG,2015-01-01
p199663,Alec Georgen,Defender,39,t149,Paris SG,2016-02-01
p423151,Gaëtan Robail,Midfielder,Unknown,t149,Paris SG,2017-05-13
p172984,Gustavo Hebling,Midfielder,Unknown,t149,Paris SG,2015-08-27
p199672,Jonathan Ikone,Midfielder,Unknown,t149,Paris SG,2016-07-01
p212950,Lorenzo Callegari,Midfielder,Unknown,t149,Paris SG,2016-07-01
p73494,Grzegorz Krychowiak,Midfielder,4,t149,Paris SG,2016-07-03
p61170,Marco Verratti,Midfielder,6,t149,Paris SG,2012-07-17
p95715,Lucas Moura,Midfielder,7,t149,Paris SG,2013-01-01
p11527,Thiago Motta,Midfielder,8,t149,Paris SG,2012-01-31
p46497,Ángel Di María,Midfielder,11,t149,Paris SG,2015-08-06
p37971,Blaise Matuidi,Midfielder,14,t149,Paris SG,2011-07-25
p200826,Giovani Lo Celso,Midfielder,18,t149,Paris SG,2016-07-26
p18753,Hatem Ben Arfa,Midfielder,21,t149,Paris SG,2016-07-01
p92985,Julian Draxler,Midfielder,23,t149,Paris SG,2017-01-03
p213198,Christopher Nkunku,Midfielder,24,t149,Paris SG,2015-07-01
p120743,Adrien Rabiot,Midfielder,25,t149,Paris SG,2012-07-03
p54782,Javier Pastore,Midfielder,27,t149,Paris SG,2011-08-06
p225903,Antoine Bernede,Midfielder,28,t149,Paris SG,2016-06-01
p198523,Jean-Kévin Augustin,Midfielder,29,t149,Paris SG,2014-07-01
p93496,Jean-Christophe Bahebeck,Forward,Unknown,t149,Paris SG,2011-01-28
p199670,Odsonne Edouard,Forward,Unknown,t149,Paris SG,2015-07-01
p181284,Gonçalo Guedes,Forward,Unknown,t149,Paris SG,2017-01-25
p93127,Jesé,Forward,Unknown,t149,Paris SG,2016-08-08
p40720,Edinson Cavani,Forward,9,t149,Paris SG,2013-07-16
p42713,Benoit Costil,Goalkeeper,1,t150,Rennes,2011-07-01
p79625,Abdoulaye Diallo,Goalkeeper,16,t150,Rennes,2009-11-20
p28549,Rais M'bolhi,Goalkeeper,16,t150,Rennes,2017-01-23
p167054,Edvinas Gertmonas,Goalkeeper,30,t150,Rennes,2015-02-01
p247439,Romain Cagnon,Goalkeeper,40,t150,Rennes,2017-01-01
p220646,Sega Coulibaly,Defender,Unknown,t150,Rennes,2015-07-01
p169019,Dimitri Kevin Cavaré,Defender,Unknown,t150,Rennes,2015-02-02
p111002,Mehdi Zeffane,Defender,2,t150,Rennes,2015-08-12
p80357,Mexer,Defender,4,t150,Rennes,2014-07-01
p106821,Pedro Mendes,Defender,5,t150,Rennes,2015-07-01
p218705,Joris Gnagnon,Defender,5,t150,Rennes,2015-07-01
p189791,Ramy Bensebaini,Defender,15,t150,Rennes,2016-07-05
p84361,Ermir Lenjani,Defender,17,t150,Rennes,2015-01-07
p6701,Sylvain Armand,Defender,22,t150,Rennes,2013-07-01
p37776,Ludovic Baal,Defender,24,t150,Rennes,2015-07-01
p189562,Afonso Figueiredo,Defender,25,t150,Rennes,2016-07-01
p217992,Jeremy Gelin,Defender,26,t150,Rennes,2014-07-01
p37938,Romain Danzé,Defender,29,t150,Rennes,2002-08-01
p244754,Namakoro Diallo,Defender,36,t150,Rennes,2016-07-01
p194299,Anthony Ribelin,Midfielder,Unknown,t150,Rennes,2016-07-01
p38438,Clément Chantôme,Midfielder,Unknown,t150,Rennes,2016-07-01
p39680,Gelson Fernandes,Midfielder,6,t150,Rennes,2014-08-05
p106551,Sanjin Prcic,Midfielder,10,t150,Rennes,2014-07-31
p244842,James Lea Siliki,Midfielder,12,t150,Rennes,2016-12-16
p37962,Morgan Amalfitano,Midfielder,18,t150,Rennes,2017-01-31
p55948,Benjamin André,Midfielder,21,t150,Rennes,2014-07-01
p161472,Adrien Hunou,Midfielder,23,t150,Rennes,2013-05-11
p215755,Denis Poha,Midfielder,28,t150,Rennes,2015-07-01
p27669,Yoann Gourcuff,Midfielder,28,t150,Rennes,2015-09-14
p217993,Nicolas Janvier,Midfielder,35,t150,Rennes,2015-07-01
p221441,Sebastien Salles-Lamonge,Midfielder,38,t150,Rennes,2015-07-01
p90255,Yacouba Sylla,Midfielder,39,t150,Rennes,2015-06-22
p199734,Firmin Ndombe Mubele,Forward,9,t150,Rennes,2017-01-30
p161034,Wesley Said,Forward,11,t150,Rennes,2013-05-04
p42484,Giovanni Sio,Forward,13,t150,Rennes,2015-06-30
p213401,Aldo Kalulu,Forward,14,t150,Rennes,2017-01-09
p233497,Adama Diakhaby,Forward,17,t150,Rennes,2016-07-04
p52317,Kermit Erasmus,Forward,34,t150,Rennes,2016-01-28
p214042,Anthony Maisonnial,Goalkeeper,1,t152,Saint-Étienne,2015-07-01
p38314,Stéphane Ruffier,Goalkeeper,16,t152,Saint-Étienne,2011-07-01
p37990,Jessy Moulin,Goalkeeper,30,t152,Saint-Étienne,2006-08-01
p240185,Alexis Guendouz,Goalkeeper,40,t152,Saint-Étienne,2016-09-14
p245742,Mickael Nade,Defender,Unknown,t152,Saint-Étienne,2017-01-01
p115846,Jerrold Nyemeck,Defender,Unknown,t152,Saint-Étienne,2013-07-01
p58636,Kévin Théophile-Catherine,Defender,2,t152,Saint-Étienne,2015-07-01
p112323,Pierre-Yves Polomat,Defender,3,t152,Saint-Étienne,2011-07-01
p83577,Léo Lacroix,Defender,4,t152,Saint-Étienne,2016-08-31
p45136,Cheikh M'Bengue,Defender,12,t152,Saint-Étienne,2016-07-20
p79237,Florentin Pogba,Defender,19,t152,Saint-Étienne,2012-09-03
p19670,Loic Perrin,Defender,24,t152,Saint-Étienne,2002-08-01
p83340,Kevin Malcuit,Defender,25,t152,Saint-Étienne,2015-08-28
p220074,Ronael Pierre Gabriel,Defender,29,t152,Saint-Étienne,2015-11-01
p115845,Benjamin Karamoko,Defender,32,t152,Saint-Étienne,2012-07-01
p245915,Kenny Rocha Santos,Midfielder,Unknown,t152,Saint-Étienne,2017-01-12
p241099,Rayan Souici,Midfielder,Unknown,t152,Saint-Étienne,2016-09-28
p85548,Vincent Pajot,Midfielder,5,t152,Saint-Étienne,2015-07-01
p18635,Jérémy Clément,Midfielder,6,t152,Saint-Étienne,2011-07-25
p83561,Bryan Dabo,Midfielder,7,t152,Saint-Étienne,2016-07-01
p86446,Benjamin Corgnet,Midfielder,8,t152,Saint-Étienne,2013-07-12
p43521,Henri Saivet,Midfielder,11,t152,Saint-Étienne,2016-08-24
p173253,Habib Maïga,Midfielder,13,t152,Saint-Étienne,2015-01-18
p96740,Jordan Veretout,Midfielder,14,t152,Saint-Étienne,2016-08-24
p216584,Erin Pinheiro,Midfielder,15,t152,Saint-Étienne,2015-07-01
p101494,Ole Selnaes,Midfielder,17,t152,Saint-Étienne,2016-01-29
p43553,Fabien Lemoine,Midfielder,18,t152,Saint-Étienne,2011-08-11
p235050,Arnaud Nordin,Midfielder,18,t152,Saint-Étienne,2016-08-01
p67276,Romain Hamouma,Midfielder,21,t152,Saint-Étienne,2012-07-18
p204150,Dylan Saint-Louis,Forward,Unknown,t152,Saint-Étienne,2014-07-01
p136377,Jorginho,Forward,Unknown,t152,Saint-Étienne,2017-01-31
p422089,Lamine Ghezali,Forward,Unknown,t152,Saint-Étienne,2016-07-01
p115382,Neal Maupay,Forward,Unknown,t152,Saint-Étienne,2015-08-10
p221717,Hamidou Keyta,Forward,Unknown,t152,Saint-Étienne,2016-07-01
p51525,Nolan Roux,Forward,9,t152,Saint-Étienne,2015-07-21
p195883,Jonathan Bamba,Forward,14,t152,Saint-Étienne,2014-08-31
p38261,Kévin Monnet-Paquet,Forward,22,t152,Saint-Étienne,2014-07-01
p63100,Alexander Søderlund,Forward,23,t152,Saint-Étienne,2016-01-04
p124182,Oussama Tannane,Forward,25,t152,Saint-Étienne,2016-01-12
p55711,Robert Beric,Forward,27,t152,Saint-Étienne,2015-08-31
p132197,Mauro Goicoechea,Goalkeeper,1,t427,Toulouse,2015-07-14
p74299,Marc Vidal,Goalkeeper,16,t427,Toulouse,2009-08-01
p204739,Alban Lafont,Goalkeeper,40,t427,Toulouse,2015-07-01
p217596,Kelvin Amian,Defender,2,t427,Toulouse,2015-07-01
p120773,Yrondu Musavu-King,Defender,3,t427,Toulouse,2016-08-31
p219924,Issa Diop,Defender,5,t427,Toulouse,2015-07-01
p114546,Christopher Jullien,Defender,6,t427,Toulouse,2016-07-01
p104359,Jean-Daniel Akpa Akpro,Defender,7,t427,Toulouse,2011-08-01
p145221,Issiaga Sylla,Defender,12,t427,Toulouse,2012-11-01
p229605,Clement Michelin,Defender,13,t427,Toulouse,2016-07-01
p118910,Uros Spajic,Defender,15,t427,Toulouse,2013-07-01
p105706,Steeve Yago,Defender,20,t427,Toulouse,2011-08-31
p49912,Dusan Veskovac,Defender,22,t427,Toulouse,2014-01-29
p50351,Pavle Ninkov,Defender,24,t427,Toulouse,2011-07-01
p100954,François Moubandje,Defender,29,t427,Toulouse,2013-09-02
p111678,Dominik Furman,Midfielder,Unknown,t427,Toulouse,2014-01-16
p60163,Tongo Doumbia,Midfielder,4,t427,Toulouse,2014-08-29
p210415,Zinedine Machach,Midfielder,7,t427,Toulouse,2015-01-31
p219002,Dodi Lukebakio,Midfielder,8,t427,Toulouse,2016-08-31
p40721,Óscar Trejo,Midfielder,10,t427,Toulouse,2013-07-18
p6294,Pantxi Sirieix,Midfielder,14,t427,Toulouse,2002-08-01
p210462,Ibrahim Sangaré,Midfielder,17,t427,Toulouse,2016-07-05
p101779,Somália,Midfielder,19,t427,Toulouse,2015-08-07
p61704,Jimmy Durmaz,Midfielder,21,t427,Toulouse,2016-08-20
p194302,Yann Bodiger,Midfielder,23,t427,Toulouse,2014-08-09
p168434,Jessy Pi,Midfielder,25,t427,Toulouse,2016-07-01
p220494,Quentin Boisgard,Midfielder,26,t427,Toulouse,2015-12-01
p217597,Mathieu Cafaro,Midfielder,26,t427,Toulouse,2015-07-01
p201392,Alexis Blin,Midfielder,27,t427,Toulouse,2014-09-01
p93989,Aleksandar Pesic,Forward,8,t427,Toulouse,2014-07-01
p68690,Martin Braithwaite,Forward,9,t427,Toulouse,2013-08-16
p73965,Andy Delort,Forward,10,t427,Toulouse,2017-01-27
p52154,Ola Toivonen,Forward,11,t427,Toulouse,2016-08-04
p126177,Corentin Jean,Forward,15,t427,Toulouse,2017-01-23
p199670,Odsonne Edouard,Forward,18,t427,Toulouse,2016-08-08
p247117,Habib Oueslati,Midfielder,Unknown,t2128,Angers,2016-07-01
p221442,Matteo Petitgenet,Goalkeeper,Unknown,t2128,Angers,2015-07-01
p243742,Ronan Touzet,Defender,Unknown,t2128,Angers,2016-11-18
p101232,Jonas Pessalli,Midfielder,Unknown,t2128,Angers,2012-07-01
p44408,Ibrahima Diallo,Defender,Unknown,t2128,Angers,2012-07-01
p107613,Romain Saïss,Midfielder,28,t2128,Angers,2015-07-01
p242165,Lucas Triki,Midfielder,Unknown,t139,Bastia,2016-10-01
p203025,Julien Benhaim,Defender,Unknown,t139,Bastia,2014-07-01
p95461,Thievy,Forward,13,t139,Bastia,2016-07-28
p106272,Isaac Thelin,Forward,Unknown,t140,Bordeaux,2015-01-21
p242514,Christopher Operi,Midfielder,Unknown,t1028,Caen,2016-10-22
p50148,Johan Gastien,Midfielder,22,t2130,Dijon,2013-07-01
p110347,Quentin Bernard,Defender,5,t2130,Dijon,2015-07-01
p210207,Fousseni Diabaté,Midfielder,Unknown,t428,Guingamp,2016-07-01
p219100,Alexis Mane,Midfielder,Unknown,t428,Guingamp,2015-07-01
p235215,Victor Mouangue Kingue,Defender,Unknown,t428,Guingamp,2016-07-01
p48603,Ronnie Schwartz,Forward,Unknown,t428,Guingamp,2014-06-12
p232173,Clement Petrel,Goalkeeper,Unknown,t429,Lille,2016-07-01
p245632,Olivier Lesueur,Defender,Unknown,t429,Lille,2017-01-01
p247036,Ryad Habbas,Forward,Unknown,t429,Lille,2016-07-01
p245633,Emmanuel Debordeaux,Midfielder,Unknown,t429,Lille,2017-01-01
p61529,Ryan Mendes,Forward,20,t429,Lille,2012-09-02
p31878,Renato Civelli,Defender,5,t429,Lille,2015-07-01
p202675,Benjamin Pavard,Midfielder,28,t429,Lille,2015-01-14
p128198,Sofiane Boufal,Midfielder,7,t429,Lille,2015-01-14
p234518,Alexandre Lavenant,Midfielder,Unknown,t694,Lorient,2016-07-01
p131259,Moryke Fofana,Midfielder,23,t694,Lorient,2015-07-25
p144660,Didier Ndong,Midfielder,7,t694,Lorient,2014-01-01
p213400,Maxime D'Arpino,Midfielder,Unknown,t143,Lyon,2015-07-01
p56674,Gueida Fofana,Midfielder,6,t143,Lyon,2011-09-01
p199667,Timothe Cognat,Midfielder,Unknown,t143,Lyon,2016-07-01
p185353,Eirik Haugan,Defender,Unknown,t144,Marseille,2015-08-28
p20468,Lass Diarra,Midfielder,10,t144,Marseille,2015-07-02
p221455,Julien Da Costa,Defender,Unknown,t144,Marseille,2016-01-01
p86140,Romain Alessandrini,Midfielder,11,t144,Marseille,2014-07-01
p168566,Georges-Kévin Nkoudou,Midfielder,14,t144,Marseille,2015-07-01
p240286,Moussa Seydi,Midfielder,Unknown,t145,Metz,2016-09-01
p119704,Fadil Sido,Midfielder,2,t145,Metz,2014-01-05
p230178,Popoola Saliu,Midfielder,28,t145,Metz,2016-07-01
p115084,Kwame Nsor,Forward,Unknown,t145,Metz,2013-09-02
p168435,Marcel Tisserand,Defender,32,t146,Monaco,2013-07-01
p18693,Vágner Love,Forward,39,t146,Monaco,2016-01-09
p166324,Ivan Cavaleiro,Forward,17,t146,Monaco,2015-07-11
p18679,Anthony Vanden Borre,Defender,20,t147,Montpellier,2016-07-08
p93835,Dylan Gissi,Defender,35,t147,Montpellier,2014-08-01
p171101,Clément Lenglet,Defender,2,t148,Nancy,2013-09-01
p175598,Romain Bauchet,Forward,Unknown,t148,Nancy,2013-11-01
p148616,Fernando Aristeguieta,Forward,2,t430,Nantes,2013-01-08
p76507,Nicolaj Thomsen,Midfielder,23,t430,Nantes,2016-07-01
p16106,Lorik Cana,Defender,5,t430,Nantes,2015-08-31
p146603,Julien Vercauteren,Forward,7,t1395,Nice,2014-07-01
p244563,Joakim Balmy,Defender,Unknown,t1395,Nice,2016-11-07
p244561,William Suaut,Midfielder,Unknown,t1395,Nice,2016-12-07
p115363,Lucas Rougeaux,Defender,15,t1395,Nice,2012-07-01
p56842,Kevin Gomis,Defender,5,t1395,Nice,2011-07-01
p129497,Hervin Ongenda,Forward,35,t149,Paris Saint-Germain,2012-07-01
p225897,Fode Ballo-Toure,Defender,Unknown,t149,Paris Saint-Germain,2016-07-01
p41270,David Luiz,Defender,32,t149,Paris Saint-Germain,2014-06-10
p80710,Benjamin Stambouli,Midfielder,4,t149,Paris Saint-Germain,2015-07-20
p49957,Kamil Grosicki,Midfielder,10,t150,Rennes,2014-01-24
p55250,Christian Brüls,Midfielder,37,t150,Rennes,2014-07-30
p54685,Mouhamadou Habib Habibou,Forward,38,t150,Rennes,2014-09-04
p111516,Pedro Henrique,Midfielder,18,t150,Rennes,2014-07-01
p90126,Paul-Georges Ntep,Forward,7,t150,Rennes,2014-01-28
p107098,Paul Nardi,Goalkeeper,Unknown,t150,Rennes,2016-07-01
p40832,Anthony Mounier,Midfielder,Unknown,t152,St Etienne,2017-01-27
p244204,Benjamin Aulagnier,Midfielder,Unknown,t152,St Etienne,2016-11-25
p229921,Clement Cabaton,Midfielder,Unknown,t152,St Etienne,2016-07-01
p55134,Yohan Mollo,Midfielder,20,t152,St Etienne,2013-09-01
p243743,Quentin Depehi,Forward,Unknown,t427,Toulouse,2016-11-01
p199669,Maxime Pelican,Forward,Unknown,t427,Toulouse,2016-07-01
